URL,Last crawled
https://solar-nusantara.id/sejarah-pertumbuhan-pv-bagian-2-evolusi-dan-perkembangan-industri-fotovoltaik/,2025-11-22
https://solar-nusantara.id/kebijakan-pencegahan-terjatuh/,2025-11-22
https://solar-nusantara.id/our-product/import-panels/,2025-11-22
https://solar-nusantara.id/menghitung-ukuran-sistem-pv-optimalisasi-efisiensi-energi-dari-nilai-full-sun-hours/,2025-11-22
https://solar-nusantara.id/living-an-environmentally-friendly-lifestyle-main-differences-between-maintaining-a-green-lifestyle-and-reducing-your-carbon-footprint/,2025-11-22
https://solar-nusantara.id/penerapan-fotovoltaik-retrofitting-bipv-dan-grounding/,2025-11-22
https://solar-nusantara.id/our-service/energy-monitoring-system-for-ci/,2025-11-22
https://solar-nusantara.id/alternative-energy-generating-electricity-while-saving-the-earth/,2025-11-22
https://solar-nusantara.id/contact/,2025-11-21
https://solar-nusantara.id/ragam-pekerjaan-dan-peta-stakeholders-di-sektor-pv-bagian-1-peran-penelitian-organisasi-standar-produsen/,2025-11-21
https://solar-nusantara.id/about-us/,2025-11-21
https://solar-nusantara.id/about/,2025-11-21
https://solar-nusantara.id/,2025-11-20
https://solar-nusantara.id/off-grid-battery-system-for-solar-panels-and-how-it-works/,2025-11-20
https://solar-nusantara.id/storage/,2025-11-20
https://solar-nusantara.id/about-us/career/,2025-11-19
https://solar-nusantara.id/news/,2025-11-19
https://solar-nusantara.id/the-importance-of-finding-and-using-alternative-energy-sources/,2025-11-19
https://solar-nusantara.id/our-product/,2025-11-19
https://solar-nusantara.id/our-service/shs-segment/,2025-11-18
https://solar-nusantara.id/about-us/business-partners/,2025-11-18
https://solar-nusantara.id/our-service/,2025-11-18
https://solar-nusantara.id/author/ruvodo/,2025-11-17
https://solar-nusantara.id/tag/panel-surya-50-wp/,2025-11-17
https://solar-nusantara.id/author/solarnusantara/,2025-11-17
https://solar-nusantara.id/our-service/smart-home-system/,2025-11-17
https://solar-nusantara.id/form-epc-plts/,2025-11-16
https://solar-nusantara.id/kebijakan-larangan-penggunaan-obat-obatan-terlarang-dan-alkohol/,2025-11-16
https://solar-nusantara.id/our-product/wood-pellet/,2025-11-16
https://solar-nusantara.id/our-product/spkl-ev-charging/,2025-11-16
https://solar-nusantara.id/our-product/refuse-derived-fuel/,2025-11-16
https://solar-nusantara.id/our-product/battery-system/,2025-11-16
https://solar-nusantara.id/pintar/,2025-11-16
https://solar-nusantara.id/go-green-a-brief-history-of-the-environmental-movement/,2025-11-16
https://solar-nusantara.id/our-product/50100-fg-series/,2025-11-15
https://solar-nusantara.id/about-us/sonusian-value/,2025-11-15
https://solar-nusantara.id/alternative-energy-development-the-solution-for-human-survival/,2025-11-15
https://solar-nusantara.id/our-service/building-automation-system/,2025-11-14
https://solar-nusantara.id/solar-battery-and-the-future-of-energy-sources/,2025-11-12
https://solar-nusantara.id/form-manage-energy/,2025-11-12
https://solar-nusantara.id/utilizing-solar-energy-a-solution-to-save-the-world/,2025-11-12
https://solar-nusantara.id/ini-dia-5-alasan-mengapa-kamu-harus-memasang-panel-surya-di-rumah/,2025-11-11
https://solar-nusantara.id/author/anggit/,2025-11-11
https://solar-nusantara.id/alternative-energy-sources-and-environmental-safety/,2025-11-11
https://solar-nusantara.id/tag/panel-surya-mengubah-energi/,2025-11-11
https://solar-nusantara.id/solar-power-plants-and-the-importance-of-inverters/,2025-11-10
https://solar-nusantara.id/tag/panel-surya-dalam-pembangkit-listrik-tenaga-surya-diperkirakan-mencapai-umur/,2025-11-10
https://solar-nusantara.id/our-product/mounting-system/,2025-11-10
https://solar-nusantara.id/about-us/vision-mission/,2025-11-10
https://solar-nusantara.id/our-product/cabling-system/,2025-11-10
https://solar-nusantara.id/solar-energy-that-changes-the-world/,2025-11-10
https://solar-nusantara.id/sejarah-pertumbuhan-pv-bagian-1-penemuan-efek-fotovoltaik/,2025-11-10
https://solar-nusantara.id/our-service/c-i-segment/,2025-11-10
https://solar-nusantara.id/about-us/team/,2025-11-09
https://solar-nusantara.id/ragam-pekerjaan-dan-peta-stakeholders-di-sektor-pv-bagian-2-peran-integrator-pemasang-regulator-asosiasi-industri-pv/,2025-11-09
https://solar-nusantara.id/the-importance-of-on-grid-inverters-in-solar-power-plants/,2025-11-08
https://solar-nusantara.id/kebijakan-k3l-dan-sosial/,2025-11-07
https://solar-nusantara.id/form-50100-fg-series/,2025-11-07
https://solar-nusantara.id/ragam-pekerjaan-dan-peta-stakeholders-di-sektor-pv-bagian-3-pelatihan-perusahaan-utilitas-dan-kebutuhan-tenaga-kerja/,2025-11-06
https://solar-nusantara.id/our-service/fleet-management-system/,2025-11-06
https://solar-nusantara.id/our-product/tkdn-panels/,2025-11-06
https://solar-nusantara.id/category/news/page/2/,2025-11-04
https://solar-nusantara.id/green-energy-the-future-is-now/,2025-11-04
https://solar-nusantara.id/pages/kebijakan/,2025-11-03
https://solar-nusantara.id/news/page/2/,2025-11-03
https://solar-nusantara.id/renewable-and-non-renewable-energy-power-plants/,2025-11-03
https://solar-nusantara.id/our-product/solid-recovered-fuel/,2025-11-02
https://solar-nusantara.id/pertumbuhan-fotovoltaik-analisis-potensi-berdasarkan-data-global-dan-tren-investasi/,2025-10-31
https://solar-nusantara.id/our-product/inverter-on-grid/,2025-10-31
https://solar-nusantara.id/our-service/pjuts-system/,2025-10-30
https://solar-nusantara.id/author/farrosfr/,2025-10-30
https://solar-nusantara.id/about-us/supplier-partners/,2025-10-29
https://solar-nusantara.id/author/ruvodo/page/2/,2025-10-28
https://solar-nusantara.id/understanding-solar-panels-from-costs-to-installation/,2025-10-28
https://solar-nusantara.id/our-service/carbon-capture-system/,2025-10-27
https://solar-nusantara.id/our-product/inverter-off-grid/,2025-10-25
https://solar-nusantara.id/wishlist/,2025-10-25
https://solar-nusantara.id/category/news/page/3/,2025-10-22
https://solar-nusantara.id/tag/panel-surya-merupakan-alat-dalam-pembangkit-listrik-yang-memanfaatkan-energi/,2025-10-17
https://solar-nusantara.id/solar-battery-saving-the-environment-while-cutting-costs/,2025-10-14
https://solar-nusantara.id/checkout/,2025-10-12
https://solar-nusantara.id/pengembang/,2025-10-10
https://solar-nusantara.id/tag/panel-surya-adalah/,2025-10-06
https://solar-nusantara.id/stripe-checkout-result/,2025-09-30
https://solar-nusantara.id/climate-change-and-how-to-save-the-earth/,2025-09-28
https://solar-nusantara.id/donation-confirmation/,2025-09-20
https://solar-nusantara.id/my-account/,2025-09-16
https://solar-nusantara.id/vehicle-fleet/,2025-09-12
https://solar-nusantara.id/benefits-of-using-lithium-ion-batteries-for-renewable-energy-storage/,2025-09-01
https://solar-nusantara.id/login-designer/,2025-08-27